{
  "project_info": {
    "project_number": "997366894671",
    "project_id": "khatabook1-e160f",
    "storage_bucket": "khatabook1-e160f.appspot.com"
  },
  "client": [
    {
      "client_info": {
        "mobilesdk_app_id": "1:997366894671:android:da28fd3a476cb0c00d9a3a",
        "android_client_info": {
          "package_name": "com.example.khatabook"
        }
      },
      "oauth_client": [
        {
          "client_id": "997366894671-t0i165g8nqse27e5q58dqu00d3tk8f18.apps.googleusercontent.com",
          "client_type": 3
        }
      ],
      "api_key": [
        {
          "current_key": "AIzaSyCyt4uW05fT4SbaiMC2D9UknH82zYCHQOQ"
        }
      ],
      "services": {
        "appinvite_service": {
          "other_platform_oauth_client": [
            {
              "client_id": "997366894671-t0i165g8nqse27e5q58dqu00d3tk8f18.apps.googleusercontent.com",
              "client_type": 3
            },
            {
              "client_id": "997366894671-ea4c4r9gaq138qt9qssm7jau4ee4fo8g.apps.googleusercontent.com",
              "client_type": 2,
              "ios_info": {
                "bundle_id": "com.example.khatabook"
              }
            }
          ]
        }
      }
    }
  ],
  "configuration_version": "1"
}